{"cameraMode":{"drawMode":0,"name":"Shaded","section":"Shading Mode"},"sceneLighting":false,"audioPlay":false,"sceneViewState":{"m_AlwaysRefresh":false,"showFog":true,"showSkybox":false,"showFlares":true,"showImageEffects":true,"showParticleSystems":true,"showVisualEffectGraphs":true,"m_FxEnabled":true},"in2DMode":false,"pivot":{"x":0.005632050335407257,"y":0.7107875347137451,"z":-17.235105514526368},"rotation":{"x":0.43584516644477847,"y":0.017824959009885789,"z":-0.008683429099619389,"w":0.8999709486961365},"size":1.3017226457595826,"orthographic":false}